,Model,Accuracy,Bal Acc.,Time
0,Decision Tree,32.10526315789474,56.63281968050779,0.17352604866027832
1,Extra Trees,24.898785425101213,62.761727597097206,3.139636278152466
2,LightGBM,23.036437246963562,75.89999647171783,6.386908769607544
3,AdaBoost,22.63157894736842,72.49711544163958,20.876498460769653
4,Random Forest,21.86234817813765,80.09319819762334,13.63219141960144
5,SVM,17.408906882591094,73.23867177441815,2558.020670413971
